{"count":1,"self":16.229712,"total":16.4018035,"children":{"InitializeActuators":{"count":8,"self":0.00099899999999999989,"total":0.00099899999999999989,"children":null},"InitializeSensors":{"count":8,"self":0.0025095,"total":0.0025095,"children":null},"AgentSendState":{"count":549,"self":0.028454899999999998,"total":0.045499399999999995,"children":{"CollectObservations":{"count":880,"self":0.0015034999999999998,"total":0.0015034999999999998,"children":null},"WriteActionMask":{"count":880,"self":0.0015038999999999999,"total":0.0015038999999999999,"children":null},"RequestDecision":{"count":880,"self":0.0120319,"total":0.014037099999999999,"children":{"RayPerceptionSensor.Perceive":{"count":2310,"self":0.0020052,"total":0.0020052,"children":null}}}}},"DecideAction":{"count":549,"self":0.095558499999999991,"total":0.0965588,"children":{"RayPerceptionSensor.Perceive":{"count":330,"self":0.0010003,"total":0.0010003,"children":null}}},"AgentAct":{"count":549,"self":0.026525,"total":0.026525,"children":null}},"gauges":{},"metadata":{"timer_format_version":"0.1.0","start_time_seconds":"1684205710","unity_version":"2022.2.1f1","command_line_arguments":"C:\\Program Files\\Unity\\Hub\\Editor\\2022.2.1f1\\Editor\\Unity.exe -projectpath D:\\Projects\\hummingbird-ml\\Hummingbirds -useHub -hubIPC -cloudEnvironment production -licensingIpc LicenseClient-GONZALO -hubSessionId aa2b338b-7233-4305-992d-e86f26f8279c","communication_protocol_version":"1.5.0","com.unity.ml-agents_version":"2.0.1","scene_name":"Training","end_time_seconds":"1684205726"}}